{"lemma": [{"the": 0.11290322580645161, "quick": 0.04838709677419355, "brown": 0.04838709677419355, "fox": 0.06451612903225806, "jump": 0.06451612903225806, "over": 0.06451612903225806, "lazy": 0.06451612903225806, "dog": 0.06451612903225806, ".": 0.08064516129032258, "with": 0.03225806451612903, "long": 0.03225806451612903, "tail": 0.03225806451612903, "we": 0.03225806451612903, "have": 0.03225806451612903, "apple": 0.03225806451612903, ",": 0.06451612903225806, "pear": 0.03225806451612903, "orange": 0.03225806451612903, "and": 0.03225806451612903, "banana": 0.03225806451612903}, 0.016129032258064516], "upos": [{"DET": 0.14, "ADJ": 0.18, "NOUN": 0.24, "VERB": 0.1, "ADP": 0.1, "PUNCT": 0.16, "PRON": 0.04, "SCONJ": 0.04}, 0.02], "np_function": [{"nsubj": 0.26666666666666666, "nmod": 0.3333333333333333, "obj": 0.13333333333333333, "conj": 0.26666666666666666}, 0.06666666666666667]}